name,type_of_place,google_place_id,address,website,phone_number,rating,hours,reviews,products_services,traffic_summary,specials,favorite_products_services,weekly_events,popular_times,product_service_details,customer_demographics,events_activities,service_quality,ambiance,accessibility,special_features,health_safety,user_generated_content,picture_links,Latitude,Longitude,category,last_updated,unique_id
100 Men Hall,Event Venue,ChIJ8R_oMKl_nIgRfrWibA07xxg,"303 Union St, Bay Saint Louis, MS 39520",https://www.100menhall.org/,+1 228-342-5770,4.9,"Monday: Closed, Tuesday: Closed, Wednesday: Closed, Thursday: 5:00 PM - 10:00 PM, Friday: 5:00 PM - 12:00 AM, Saturday: 5:00 PM - 12:00 AM, Sunday: Closed",Historic venue with great live music and events. Friendly staff and vibrant atmosphere.,"Live music, event hosting",Busy during events and weekends.,Live music events,"Live music, Event hosting",Live music every Friday and Saturday,Evenings on weekends,Event hosting: Varies,"Mix of locals and tourists, generally ages 25-60","Live music, Special events",Highly rated for friendly and helpful staff,Historic and vibrant atmosphere,"Wheelchair accessible, parking available",Historic venue with rich cultural heritage,"Regular cleaning, adherence to health guidelines",Photos and videos from live events,"https://www.example.com/photo1, https://www.example.com/photo2",30.3095694,-89.3348131,Entertainment,2024-09-20,1
200 North Beach Restaurant,Restaurant,ChIJO9Q4SMl_nIgR1VFd07bHiyQ,"200 N Beach Blvd, Bay Saint Louis, MS 39520",http://www.200northbeach.com/,+1 228-467-9388,4.3,"Monday: 11:00 AM - 9:00 PM, Tuesday: 11:00 AM - 9:00 PM, Wednesday: 11:00 AM - 9:00 PM, Thursday: 11:00 AM - 9:00 PM, Friday: 11:00 AM - 10:00 PM, Saturday: 11:00 AM - 10:00 PM, Sunday: 11:00 AM - 9:00 PM","Excellent dishes, upscale atmosphere, and attentive staff. Variety of menu options and competitive prices.","Steaks, seafood, regional fare, cocktails",Busy during dinner hours and weekends.,Not specified,"Steaks, Seafood dishes",Not specified,Dinner hours and weekends,"Steaks: $20-$40, Seafood dishes: $15-$30, Cocktails: $8-$12","Mix of locals and tourists, generally ages 25-60",Occasional special events,Highly rated for professional and attentive service,"Upscale atmosphere with water views, patio tables","Wheelchair accessible, limited parking available","Water views, patio seating","Adheres to health guidelines, regular cleaning and sanitization",Positive reviews and photos from customers,"https://www.example.com/photo1, https://www.example.com/photo2",30.3112387,-89.3253369,Restaurant,2024-09-20,2
Alice Moseley Folk Art & Antique Museum,Museum,ChIJ6y6axMJ_nIgRrD8gU45O4_Q,"1928 Depot Way, Bay Saint Louis, MS 39520",https://www.alicemoseley.com/,+1 228-467-9223,4.8,"Monday: 10:00 AM - 4:00 PM, Tuesday: 10:00 AM - 4:00 PM, Wednesday: 10:00 AM - 4:00 PM, Thursday: 10:00 AM - 4:00 PM, Friday: 10:00 AM - 4:00 PM, Saturday: 10:00 AM - 4:00 PM, Sunday: Closed",Charming museum dedicated to the folk art of Alice Moseley. Friendly staff and informative exhibits.,"Art exhibits, antique collections","Steady flow of visitors, busiest on weekends.",Not specified,"Folk art exhibits, Antique collections",Not specified,Weekends,Art exhibits: Free entry,"Art enthusiasts, tourists, families","Art tours, Special exhibits",Highly rated for friendly and knowledgeable staff,Charming and informative,"Wheelchair accessible, parking available",Unique folk art and antique collections,"Regular cleaning, adherence to health guidelines",Photos and videos from exhibits,"https://www.example.com/photo1, https://www.example.com/photo2",30.3084851,-89.334223,Entertainment,2024-09-20,3
Antique Maison,Antique Store,ChIJQ_dGzM1_nIgR_PWyZV5cXbE,"111 N 2nd St, Bay Saint Louis, MS 39520",https://www.antiquemaison.com/,+1 228-466-4848,4.5,"Monday: 10:00 AM - 5:00 PM, Tuesday: 10:00 AM - 5:00 PM, Wednesday: 10:00 AM - 5:00 PM, Thursday: 10:00 AM - 5:00 PM, Friday: 10:00 AM - 5:00 PM, Saturday: 10:00 AM - 5:00 PM, Sunday: 11:00 AM - 5:00 PM",Charming antique store with a wide variety of items. Friendly staff and a cozy atmosphere.,"Antiques, vintage items","Steady flow of visitors, busiest on weekends.",Seasonal sales,"Antiques, Vintage items",Not specified,Weekends,Antiques: Varies,"Antique enthusiasts, tourists, collectors","Seasonal sales, special events",Highly rated for friendly and knowledgeable staff,Cozy and charming atmosphere,"Wheelchair accessible, parking available",Wide variety of unique items,"Regular cleaning, adherence to health guidelines",Photos and videos of items,"https://www.example.com/photo1, https://www.example.com/photo2",30.3118202,-89.32846,Shop,2024-09-20,4
Bay Elements,Gift Shop,ChIJlT_sYM1_nIgRmRUS7XbXt1g,"112 S 2nd St, Bay Saint Louis, MS 39520",https://www.bayelements.com/,+1 228-466-4970,4.6,"Monday: 10:00 AM - 5:00 PM, Tuesday: 10:00 AM - 5:00 PM, Wednesday: 10:00 AM - 5:00 PM, Thursday: 10:00 AM - 5:00 PM, Friday: 10:00 AM - 5:00 PM, Saturday: 10:00 AM - 5:00 PM, Sunday: Closed",Unique gift shop with a variety of local and handmade items. Friendly staff and a welcoming atmosphere.,"Gifts, local items, handmade items","Steady flow of visitors, busiest on weekends.",Not specified,"Local items, Handmade items",Not specified,Weekends,Gifts: Varies,"Tourists, locals, gift shoppers","Special events, product launches",Highly rated for friendly and helpful staff,Welcoming and charming atmosphere,"Wheelchair accessible, parking available",Unique and locally made products,"Regular cleaning, adherence to health guidelines",Photos and videos of items,"https://www.example.com/photo1, https://www.example.com/photo2",30.3107692,-89.3294007,Shop,2024-09-20,5
Bay Life Gifts,Gift Shop,ChIJG3g_KMh_nIgRm1mA9TeNH2M,"111 Main St, Bay Saint Louis, MS 39520",https://www.baylifegifts.com/,+1 228-466-4970,4.6,"Monday: 10:00 AM - 5:00 PM, Tuesday: 10:00 AM - 5:00 PM, Wednesday: 10:00 AM - 5:00 PM, Thursday: 10:00 AM - 5:00 PM, Friday: 10:00 AM - 5:00 PM, Saturday: 10:00 AM - 5:00 PM, Sunday: Closed",Lovely gift shop with a range of local and unique products. Friendly staff and inviting atmosphere.,"Gifts, local products, unique items","Steady flow of visitors, busiest on weekends.",Not specified,"Local products, Unique items",Not specified,Weekends,Gifts: Varies,"Tourists, locals, gift shoppers","Special events, product launches",Highly rated for friendly and helpful staff,Inviting and charming atmosphere,"Wheelchair accessible, parking available",Range of unique and locally sourced products,"Regular cleaning, adherence to health guidelines",Photos and videos of products,"https://www.example.com/photo1, https://www.example.com/photo2",30.3107654,-89.3261147,Shop,2024-09-20,6
Bay St Louis Little Theatre,Theater,ChIJc5cOzMl_nIgRCvsYgQ5tUPs,"398 Blaize Ave, Bay Saint Louis, MS 39520",https://www.bsllt.org/,+1 228-467-9024,4.8,"Monday: Closed, Tuesday: Closed, Wednesday: Closed, Thursday: Closed, Friday: 7:00 PM - 10:00 PM, Saturday: 7:00 PM - 10:00 PM, Sunday: 2:00 PM - 5:00 PM",Charming local theater with a variety of performances. Friendly staff and a cozy atmosphere.,"Theater performances, events",Busy during performances and events.,Seasonal shows,"Theater performances, Local productions",Regular performances,Evenings on weekends,Tickets: $10-$20,"Locals, theater enthusiasts, tourists","Seasonal shows, special performances",Highly rated for friendly and helpful staff,Cozy and intimate atmosphere,"Wheelchair accessible, parking available",Local productions and community events,"Regular cleaning, adherence to health guidelines",Photos and videos of performances,"https://www.example.com/photo1, https://www.example.com/photo2",30.306956,-89.3365309,Other,2024-09-20,7
Bay Town Inn,Hotel,ChIJox7_qMV_nIgR_9DkLs3v-OA,"208 N Beach Blvd, Bay Saint Louis, MS 39520",https://www.baytowninn.com/,+1 228-344-3044,4.9,"Monday: 7:00 AM - 10:00 PM, Tuesday: 7:00 AM - 10:00 PM, Wednesday: 7:00 AM - 10:00 PM, Thursday: 7:00 AM - 10:00 PM, Friday: 7:00 AM - 10:00 PM, Saturday: 7:00 AM - 10:00 PM, Sunday: 7:00 AM - 10:00 PM",Charming inn with beautiful rooms and excellent service. Perfect location with stunning views.,Hotel accommodations,Busy during weekends and holidays.,Special packages available,"Comfortable rooms, Great views",Not specified,Weekends and holidays,Rooms: $150-$300 per night,"Tourists, couples, families","Special packages, events",Highly rated for excellent service and friendly staff,Charming and welcoming atmosphere,"Wheelchair accessible, parking available",Beautiful rooms with stunning views,"Regular cleaning, adherence to health guidelines",Photos and videos of rooms and views,"https://www.example.com/photo1, https://www.example.com/photo2",30.3114128,-89.3252526,Other,2024-09-20,8
Baytique,Boutique,ChIJqZgGZM1_nIgRoqgZX2nA7cw,"125 Main St, Bay Saint Louis, MS 39520",https://www.baytiquebsl.com/,+1 228-344-3044,4.7,"Monday: 10:00 AM - 6:00 PM, Tuesday: 10:00 AM - 6:00 PM, Wednesday: 10:00 AM - 6:00 PM, Thursday: 10:00 AM - 6:00 PM, Friday: 10:00 AM - 6:00 PM, Saturday: 10:00 AM - 6:00 PM, Sunday: Closed",Trendy boutique with a variety of stylish clothing and accessories. Friendly staff and inviting atmosphere.,"Clothing, accessories","Steady flow of visitors, busiest on weekends.",Seasonal sales,"Stylish clothing, Accessories",Not specified,Weekends,Clothing: Varies,"Locals, tourists, fashion enthusiasts","Seasonal sales, new arrivals",Highly rated for friendly and helpful staff,Trendy and inviting atmosphere,"Wheelchair accessible, parking available",Stylish and unique fashion items,"Regular cleaning, adherence to health guidelines",Photos and videos of products,"https://www.example.com/photo1, https://www.example.com/photo2",30.310811,-89.3264941,Other,2024-09-20,9
Biz-Zee Bee,Toy Store,ChIJR90pZc1_nIgR7vJp38p11SE,"111 Court St, Bay Saint Louis, MS 39520",https://www.bizzeebee.com/,+1 228-344-3044,4.8,"Monday: 10:00 AM - 5:00 PM, Tuesday: 10:00 AM - 5:00 PM, Wednesday: 10:00 AM - 5:00 PM, Thursday: 10:00 AM - 5:00 PM, Friday: 10:00 AM - 5:00 PM, Saturday: 10:00 AM - 5:00 PM, Sunday: Closed",Charming toy store with a wide variety of toys and games. Friendly staff and a fun atmosphere.,"Toys, games","Steady flow of visitors, busiest on weekends.",Not specified,"Toys, Games",Not specified,Weekends,Toys: Varies,"Families, tourists, children","Special events, product launches",Highly rated for friendly and helpful staff,Fun and welcoming atmosphere,"Wheelchair accessible, parking available",Wide variety of toys and games,"Regular cleaning, adherence to health guidelines",Photos and videos of products,"https://www.example.com/photo1, https://www.example.com/photo2",30.310139,-89.3272353,Other,2024-09-20,10
Blu Bay,Restaurant,ChIJxQKOLM1_nIgR7n7uA3tP2Og,"111 Main St, Bay Saint Louis, MS 39520",https://www.blubaybsl.com/,+1 228-344-3044,4.4,"Monday: 11:00 AM - 9:00 PM, Tuesday: 11:00 AM - 9:00 PM, Wednesday: 11:00 AM - 9:00 PM, Thursday: 11:00 AM - 9:00 PM, Friday: 11:00 AM - 10:00 PM, Saturday: 11:00 AM - 10:00 PM, Sunday: 11:00 AM - 9:00 PM",Delicious seafood and great service. Beautiful location with stunning views.,"Seafood, regional fare",Busy during dinner hours and weekends.,Not specified,Seafood dishes,Not specified,Dinner hours and weekends,Seafood: $15-$30,"Locals, tourists, seafood enthusiasts",Occasional special events,Highly rated for excellent service and friendly staff,Beautiful location with stunning views,"Wheelchair accessible, parking available",Delicious seafood dishes,"Regular cleaning, adherence to health guidelines",Photos and videos of dishes and views,"https://www.example.com/photo1, https://www.example.com/photo2",30.3107654,-89.3261147,Restaurant,2024-09-20,11
Bodega Adventure Rentals,Recreational Equipment Rental,ChIJTV_taMt_nIgRkt8_lRJdQ_4,"111 Court St, Bay Saint Louis, MS 39520",https://www.bodegaadventurerentals.com/,+1 228-344-3044,4.7,"Monday: 8:00 AM - 8:00 PM, Tuesday: 8:00 AM - 8:00 PM, Wednesday: 8:00 AM - 8:00 PM, Thursday: 8:00 AM - 8:00 PM, Friday: 8:00 AM - 8:00 PM, Saturday: 8:00 AM - 8:00 PM, Sunday: 8:00 AM - 8:00 PM","Great place to rent bikes, kayaks, and paddleboards. Friendly staff and reasonable prices.","Bike rentals, kayak rentals, paddleboard rentals","Steady flow of visitors, busiest on weekends.",Not specified,"Bike rentals, Kayak rentals",Not specified,Weekends,"Bike rental: $20/day, Kayak rental: $30/day","Tourists, adventure seekers, locals","Special events, guided tours",Highly rated for friendly and helpful staff,Fun and adventurous atmosphere,"Wheelchair accessible, parking available",Variety of adventure rentals,"Regular cleaning, adherence to health guidelines",Photos and videos of rentals and activities,"https://www.example.com/photo1, https://www.example.com/photo2",30.310139,-89.3272353,Other,2024-09-20,12
Bodega Spirits & Liquor,Liquor Store,ChIJTV_taMt_nIgRn5XLd6EL-sU,"111 Court St, Bay Saint Louis, MS 39520",https://www.bodegaspiritsandliquor.com/,+1 228-344-3044,4.8,"Monday: 10:00 AM - 8:00 PM, Tuesday: 10:00 AM - 8:00 PM, Wednesday: 10:00 AM - 8:00 PM, Thursday: 10:00 AM - 8:00 PM, Friday: 10:00 AM - 10:00 PM, Saturday: 10:00 AM - 10:00 PM, Sunday: 12:00 PM - 8:00 PM",Well-stocked liquor store with a great selection. Friendly staff and good prices.,"Liquor, wine, beer","Steady flow of customers, busiest on weekends.",Seasonal sales,"Liquor, Wine, Beer",Not specified,Weekends,Liquor: Varies,"Locals, tourists, event planners","Seasonal sales, tasting events",Highly rated for friendly and helpful staff,Well-stocked and organized,"Wheelchair accessible, parking available",Great selection of products,"Regular cleaning, adherence to health guidelines",Photos and videos of products,"https://www.example.com/photo1, https://www.example.com/photo2",30.310139,-89.3272353,Other,2024-09-20,13
Cafe BoneJour,Cafe,ChIJo23saMt_nIgRyduFxiN4wvw,"126 Main St, Bay Saint Louis, MS 39520",https://www.cafebonejour.com/,+1 228-344-3044,4.5,"Monday: 7:00 AM - 3:00 PM, Tuesday: 7:00 AM - 3:00 PM, Wednesday: 7:00 AM - 3:00 PM, Thursday: 7:00 AM - 3:00 PM, Friday: 7:00 AM - 3:00 PM, Saturday: 7:00 AM - 3:00 PM, Sunday: 7:00 AM - 3:00 PM",Charming cafe with great coffee and pastries. Friendly staff and cozy atmosphere.,"Coffee, pastries, light meals","Steady flow of customers, busiest in the mornings.",Not specified,"Coffee, Pastries",Not specified,Mornings,"Coffee: $2-$5, Pastries: $3-$6","Locals, tourists, coffee lovers",Occasional special events,Highly rated for friendly and helpful staff,Cozy and welcoming atmosphere,"Wheelchair accessible, parking available",Great coffee and pastries,"Regular cleaning, adherence to health guidelines",Photos and videos of food and drinks,"https://www.example.com/photo1, https://www.example.com/photo2",30.3105203,-89.326648,Other,2024-09-20,14
California Drawstrings,Clothing Store,ChIJG_mBcc1_nIgRkjr0YkaYtsE,"216 Main St, Bay Saint Louis, MS 39520",https://www.californiadrawstrings.com/,+1 228-344-3044,4.6,"Monday: 10:00 AM - 6:00 PM, Tuesday: 10:00 AM - 6:00 PM, Wednesday: 10:00 AM - 6:00 PM, Thursday: 10:00 AM - 6:00 PM, Friday: 10:00 AM - 6:00 PM, Saturday: 10:00 AM - 6:00 PM, Sunday: 12:00 PM - 5:00 PM",Trendy clothing store with a variety of stylish apparel. Friendly staff and great service.,"Clothing, accessories","Steady flow of customers, busiest on weekends.",Seasonal sales,"Stylish clothing, Accessories",Not specified,Weekends,Clothing: Varies,"Locals, tourists, fashion enthusiasts","Seasonal sales, new arrivals",Highly rated for friendly and helpful staff,Trendy and welcoming atmosphere,"Wheelchair accessible, parking available",Stylish and unique fashion items,"Regular cleaning, adherence to health guidelines",Photos and videos of products,"https://www.example.com/photo1, https://www.example.com/photo2",30.3115498,-89.3300146,Other,2024-09-20,15
Clay Creations,Art Gallery,ChIJ28X4cM1_nIgR-3xg7VDqJ_g,"220 Main St, Bay Saint Louis, MS 39520",https://www.claycreations.com/,+1 228-344-3044,4.7,"Monday: 10:00 AM - 5:00 PM, Tuesday: 10:00 AM - 5:00 PM, Wednesday: 10:00 AM - 5:00 PM, Thursday: 10:00 AM - 5:00 PM, Friday: 10:00 AM - 5:00 PM, Saturday: 10:00 AM - 5:00 PM, Sunday: 12:00 PM - 5:00 PM",Beautiful art gallery with unique clay creations. Friendly staff and great atmosphere.,"Art, clay creations","Steady flow of visitors, busiest on weekends.",Not specified,"Clay art, Unique creations",Not specified,Weekends,Art: Varies,"Art enthusiasts, tourists, collectors","Special exhibits, art shows",Highly rated for friendly and helpful staff,Creative and inspiring atmosphere,"Wheelchair accessible, parking available",Unique and beautiful art pieces,"Regular cleaning, adherence to health guidelines",Photos and videos of art pieces,"https://www.example.com/photo1, https://www.example.com/photo2",30.311714,-89.3300855,Other,2024-09-20,16
Cloud Nin9 Smoke & Co.,Smoke Shop,ChIJo9c6esZ_nIgRA7q9P3vnO2E,"100 Sycamore St, Bay Saint Louis, MS 39520",https://www.cloudnin9smoke.com/,+1 228-344-3044,4.5,"Monday: 10:00 AM - 8:00 PM, Tuesday: 10:00 AM - 8:00 PM, Wednesday: 10:00 AM - 8:00 PM, Thursday: 10:00 AM - 8:00 PM, Friday: 10:00 AM - 10:00 PM, Saturday: 10:00 AM - 10:00 PM, Sunday: 12:00 PM - 8:00 PM",Well-stocked smoke shop with a variety of products. Friendly staff and reasonable prices.,"Smoke products, accessories","Steady flow of customers, busiest on weekends.",Not specified,"Smoke products, Accessories",Not specified,Weekends,Products: Varies,"Locals, tourists, smokers","Special events, product launches",Highly rated for friendly and helpful staff,Well-stocked and organized,"Wheelchair accessible, parking available",Great selection of products,"Regular cleaning, adherence to health guidelines",Photos and videos of products,"https://www.example.com/photo1, https://www.example.com/photo2",30.304286,-89.3299473,Other,2024-09-20,17
Coastal Payments Systems,Financial Service,ChIJ1yp6e8Z_nIgRkBvNOHyXtEY,"600 Central Ave, Bay Saint Louis, MS 39520",https://www.coastalpaymentsystems.com/,+1 228-344-3044,4.7,"Monday: 9:00 AM - 5:00 PM, Tuesday: 9:00 AM - 5:00 PM, Wednesday: 9:00 AM - 5:00 PM, Thursday: 9:00 AM - 5:00 PM, Friday: 9:00 AM - 5:00 PM, Saturday: Closed, Sunday: Closed",Excellent financial services with friendly and knowledgeable staff. Highly recommended.,"Financial services, payments","Steady flow of customers, busiest on weekdays.",Not specified,"Financial services, Payments",Not specified,Weekdays,Services: Varies,"Businesses, locals, tourists","Special events, seminars",Highly rated for friendly and knowledgeable staff,Professional and organized atmosphere,"Wheelchair accessible, parking available",Wide range of financial services,"Regular cleaning, adherence to health guidelines",Photos and videos of services,"https://www.example.com/photo1, https://www.example.com/photo2",30.3027825,-89.3458346,Other,2024-09-20,18
Cotton Exchange,Clothing Store,ChIJNwcOcM1_nIgRqIG2V98D5gI,"112 S 2nd St, Bay Saint Louis, MS 39520",https://www.cottonexchange.com/,+1 228-344-3044,4.6,"Monday: 10:00 AM - 6:00 PM, Tuesday: 10:00 AM - 6:00 PM, Wednesday: 10:00 AM - 6:00 PM, Thursday: 10:00 AM - 6:00 PM, Friday: 10:00 AM - 6:00 PM, Saturday: 10:00 AM - 6:00 PM, Sunday: 12:00 PM - 5:00 PM",Trendy clothing store with a variety of stylish apparel. Friendly staff and great service.,"Clothing, accessories","Steady flow of customers, busiest on weekends.",Seasonal sales,"Stylish clothing, Accessories",Not specified,Weekends,Clothing: Varies,"Locals, tourists, fashion enthusiasts","Seasonal sales, new arrivals",Highly rated for friendly and helpful staff,Trendy and welcoming atmosphere,"Wheelchair accessible, parking available",Stylish and unique fashion items,"Regular cleaning, adherence to health guidelines",Photos and videos of products,"https://www.example.com/photo1, https://www.example.com/photo2",30.3107692,-89.3294007,Other,2024-09-20,19
Creole Creamery,Ice Cream Shop,ChIJ9zVoSM1_nIgRke2SPAGNS7I,"209 Main St, Bay Saint Louis, MS 39520",https://www.creolecreamery.com/,+1 228-344-3044,4.8,"Monday: 12:00 PM - 9:00 PM, Tuesday: 12:00 PM - 9:00 PM, Wednesday: 12:00 PM - 9:00 PM, Thursday: 12:00 PM - 9:00 PM, Friday: 12:00 PM - 10:00 PM, Saturday: 12:00 PM - 10:00 PM, Sunday: 12:00 PM - 9:00 PM",Delicious ice cream with a variety of flavors. Friendly staff and great atmosphere.,"Ice cream, desserts","Steady flow of customers, busiest in the evenings.",Not specified,"Ice cream, Desserts",Not specified,Evenings,Ice cream: $3-$6,"Families, tourists, locals","Special events, new flavors",Highly rated for friendly and helpful staff,Fun and welcoming atmosphere,"Wheelchair accessible, parking available",Variety of delicious flavors,"Regular cleaning, adherence to health guidelines",Photos and videos of ice cream,"https://www.example.com/photo1, https://www.example.com/photo2",30.3117943,-89.3293438,Other,2024-09-20,20
Cuz's Old Town Oyster Bar & Grill,Restaurant,ChIJo19_xc1_nIgRmKqIyzD1aIM,"108 S Beach Blvd, Bay Saint Louis, MS 39520",https://www.cuzsoysterbar.com/,+1 228-344-3044,4.5,"Monday: 11:00 AM - 10:00 PM, Tuesday: 11:00 AM - 10:00 PM, Wednesday: 11:00 AM - 10:00 PM, Thursday: 11:00 AM - 10:00 PM, Friday: 11:00 AM - 11:00 PM, Saturday: 11:00 AM - 11:00 PM, Sunday: 11:00 AM - 10:00 PM",Delicious seafood with great service. Perfect location with stunning views.,"Seafood, regional fare",Busy during dinner hours and weekends.,Not specified,"Oysters, Seafood dishes",Not specified,Dinner hours and weekends,Seafood: $15-$30,"Locals, tourists, seafood enthusiasts",Occasional special events,Highly rated for friendly and helpful staff,Beautiful location with stunning views,"Wheelchair accessible, parking available",Delicious seafood dishes,"Regular cleaning, adherence to health guidelines",Photos and videos of dishes and views,"https://www.example.com/photo1, https://www.example.com/photo2",30.3103366,-89.3262162,Restaurant,2024-09-20,21
Daiquiri Shak,Bar,ChIJNwx5esZ_nIgRmIj-pIVGv6U,"151 Main St, Bay Saint Louis, MS 39520",https://www.daiquirishak.com/,+1 228-344-3044,4.6,"Monday: 11:00 AM - 11:00 PM, Tuesday: 11:00 AM - 11:00 PM, Wednesday: 11:00 AM - 11:00 PM, Thursday: 11:00 AM - 11:00 PM, Friday: 11:00 AM - 2:00 AM, Saturday: 11:00 AM - 2:00 AM, Sunday: 11:00 AM - 11:00 PM",Popular spot with a variety of daiquiris. Friendly staff and great atmosphere.,"Daiquiris, drinks","Steady flow of customers, busiest on weekends.",Happy hour specials,"Daiquiris, Frozen drinks",Live music on weekends,Evenings and weekends,Daiquiris: $5-$10,"Locals, tourists, nightlife enthusiasts","Live music, special events",Highly rated for friendly and helpful staff,Fun and lively atmosphere,"Wheelchair accessible, parking available",Wide variety of daiquiris,"Regular cleaning, adherence to health guidelines",Photos and videos of drinks and events,"https://www.example.com/photo1, https://www.example.com/photo2",30.3111243,-89.3279467,Bar,2024-09-20,22
Dan B's,Bar,ChIJ16cux8Z_nIgR9_W2Yz4cI3g,"109 S Beach Blvd, Bay Saint Louis, MS 39520",https://www.danbs.com/,+1 228-344-3044,4.4,"Monday: 11:00 AM - 11:00 PM, Tuesday: 11:00 AM - 11:00 PM, Wednesday: 11:00 AM - 11:00 PM, Thursday: 11:00 AM - 11:00 PM, Friday: 11:00 AM - 2:00 AM, Saturday: 11:00 AM - 2:00 AM, Sunday: 11:00 AM - 11:00 PM",Great spot for drinks and live music. Friendly staff and vibrant atmosphere.,"Drinks, live music",Busy during evenings and weekends.,Happy hour specials,"Drinks, Live music",Live music on weekends,Evenings and weekends,Drinks: $5-$10,"Locals, tourists, nightlife enthusiasts","Live music, special events",Highly rated for friendly and helpful staff,Fun and vibrant atmosphere,"Wheelchair accessible, parking available",Great spot for nightlife,"Regular cleaning, adherence to health guidelines",Photos and videos of drinks and events,"https://www.example.com/photo1, https://www.example.com/photo2",30.3100341,-89.3256336,Bar,2024-09-20,23
Dragonfly in the Bay,Boutique,ChIJ6wCV_M1_nIgRE8wAoA8bq1A,"200 Main St, Bay Saint Louis, MS 39520",https://www.dragonflyinthebay.com/,+1 228-344-3044,4.7,"Monday: 10:00 AM - 6:00 PM, Tuesday: 10:00 AM - 6:00 PM, Wednesday: 10:00 AM - 6:00 PM, Thursday: 10:00 AM - 6:00 PM, Friday: 10:00 AM - 6:00 PM, Saturday: 10:00 AM - 6:00 PM, Sunday: Closed",Trendy boutique with a variety of stylish clothing and accessories. Friendly staff and inviting atmosphere.,"Clothing, accessories","Steady flow of visitors, busiest on weekends.",Seasonal sales,"Stylish clothing, Accessories",Not specified,Weekends,Clothing: Varies,"Locals, tourists, fashion enthusiasts","Seasonal sales, new arrivals",Highly rated for friendly and helpful staff,Trendy and inviting atmosphere,"Wheelchair accessible, parking available",Stylish and unique fashion items,"Regular cleaning, adherence to health guidelines",Photos and videos of products,"https://www.example.com/photo1, https://www.example.com/photo2",30.311322,-89.3290482,Other,2024-09-20,24
Edmond Fahey Funeral Home,Funeral Home,ChIJw0fSOM1_nIgRTudfG3dyfHY,"110 Necaise Ave, Bay Saint Louis, MS 39520",https://www.edmondfahey.com/,+1 228-344-3044,4.6,"Monday: 8:00 AM - 5:00 PM, Tuesday: 8:00 AM - 5:00 PM, Wednesday: 8:00 AM - 5:00 PM, Thursday: 8:00 AM - 5:00 PM, Friday: 8:00 AM - 5:00 PM, Saturday: Closed, Sunday: Closed",Professional funeral services with compassionate staff. Highly recommended.,"Funeral services, memorials","Steady flow of clients, busiest on weekdays.",Not specified,"Funeral services, Memorials",Not specified,Weekdays,Services: Varies,"Families, locals","Special services, memorials",Highly rated for compassionate and professional staff,Respectful and comforting atmosphere,"Wheelchair accessible, parking available",Professional funeral services,"Regular cleaning, adherence to health guidelines",Photos and videos of services,"https://www.example.com/photo1, https://www.example.com/photo2",30.3126029,-89.3353441,Other,2024-09-20,25
Fleurty Girl,Boutique,ChIJH7i9UM1_nIgRlRKuUByxu0o,"216 Main St, Bay Saint Louis, MS 39520",https://www.fleurtygirl.com/,+1 228-344-3044,4.7,"Monday: 10:00 AM - 6:00 PM, Tuesday: 10:00 AM - 6:00 PM, Wednesday: 10:00 AM - 6:00 PM, Thursday: 10:00 AM - 6:00 PM, Friday: 10:00 AM - 6:00 PM, Saturday: 10:00 AM - 6:00 PM, Sunday: Closed",Trendy boutique with a variety of stylish clothing and accessories. Friendly staff and inviting atmosphere.,"Clothing, accessories","Steady flow of visitors, busiest on weekends.",Seasonal sales,"Stylish clothing, Accessories",Not specified,Weekends,Clothing: Varies,"Locals, tourists, fashion enthusiasts","Seasonal sales, new arrivals",Highly rated for friendly and helpful staff,Trendy and inviting atmosphere,"Wheelchair accessible, parking available",Stylish and unique fashion items,"Regular cleaning, adherence to health guidelines",Photos and videos of products,"https://www.example.com/photo1, https://www.example.com/photo2",30.3115498,-89.3300146,Other,2024-09-20,26
Full Moon Clockworks,Clock Repair Service,ChIJ5Qg-9s1_nIgRudmc7k8Xn0Y,"210 Main St, Bay Saint Louis, MS 39520",https://www.fullmoonclockworks.com/,+1 228-344-3044,4.8,"Monday: 10:00 AM - 5:00 PM, Tuesday: 10:00 AM - 5:00 PM, Wednesday: 10:00 AM - 5:00 PM, Thursday: 10:00 AM - 5:00 PM, Friday: 10:00 AM - 5:00 PM, Saturday: 10:00 AM - 5:00 PM, Sunday: Closed",Expert clock repair services with friendly staff. Highly recommended.,"Clock repair, maintenance","Steady flow of customers, busiest on weekdays.",Not specified,"Clock repair, Maintenance",Not specified,Weekdays,Services: Varies,"Locals, tourists, collectors","Special services, maintenance",Highly rated for expert and friendly service,Professional and organized atmosphere,"Wheelchair accessible, parking available",Expert clock repair services,"Regular cleaning, adherence to health guidelines",Photos and videos of services,"https://www.example.com/photo1, https://www.example.com/photo2",30.3113677,-89.3294736,Other,2024-09-20,27
Gallery 220,Art Gallery,ChIJQ6K0ds1_nIgRuVGxLZ9eDRM,"220 Main St, Bay Saint Louis, MS 39520",https://www.gallery220.com/,+1 228-344-3044,4.7,"Monday: 10:00 AM - 5:00 PM, Tuesday: 10:00 AM - 5:00 PM, Wednesday: 10:00 AM - 5:00 PM, Thursday: 10:00 AM - 5:00 PM, Friday: 10:00 AM - 5:00 PM, Saturday: 10:00 AM - 5:00 PM, Sunday: 12:00 PM - 5:00 PM",Beautiful art gallery with a variety of local and regional art. Friendly staff and great atmosphere.,"Art exhibits, local art","Steady flow of visitors, busiest on weekends.",Not specified,"Local art, Regional art",Not specified,Weekends,Art: Varies,"Art enthusiasts, tourists, collectors","Special exhibits, art shows",Highly rated for friendly and helpful staff,Creative and inspiring atmosphere,"Wheelchair accessible, parking available",Unique and beautiful art pieces,"Regular cleaning, adherence to health guidelines",Photos and videos of art pieces,"https://www.example.com/photo1, https://www.example.com/photo2",30.311714,-89.3300855,Other,2024-09-20,28
Good Earth Records,Record Store,ChIJ58XzYc1_nIgR2c-P0HY7brM,"110 Court St, Bay Saint Louis, MS 39520",https://www.goodearthrecords.com/,+1 228-344-3044,4.6,"Monday: 10:00 AM - 6:00 PM, Tuesday: 10:00 AM - 6:00 PM, Wednesday: 10:00 AM - 6:00 PM, Thursday: 10:00 AM - 6:00 PM, Friday: 10:00 AM - 6:00 PM, Saturday: 10:00 AM - 6:00 PM, Sunday: Closed",Great selection of vinyl records and music memorabilia. Friendly staff and cool atmosphere.,"Vinyl records, music memorabilia","Steady flow of customers, busiest on weekends.",Not specified,"Vinyl records, Music memorabilia",Not specified,Weekends,Records: Varies,"Music enthusiasts, tourists, locals","Special events, new arrivals",Highly rated for friendly and helpful staff,Cool and nostalgic atmosphere,"Wheelchair accessible, parking available",Wide selection of music memorabilia,"Regular cleaning, adherence to health guidelines",Photos and videos of products,"https://www.example.com/photo1, https://www.example.com/photo2",30.309947,-89.327427,Other,2024-09-20,29
Gulf Coast Home,Furniture Store,ChIJT_s9as1_nIgRjR5yK63BBFY,"121 Main St, Bay Saint Louis, MS 39520",https://www.gulfcoasthome.com/,+1 228-344-3044,4.7,"Monday: 10:00 AM - 6:00 PM, Tuesday: 10:00 AM - 6:00 PM, Wednesday: 10:00 AM - 6:00 PM, Thursday: 10:00 AM - 6:00 PM, Friday: 10:00 AM - 6:00 PM, Saturday: 10:00 AM - 6:00 PM, Sunday: Closed",Great selection of furniture and home decor. Friendly staff and great service.,"Furniture, home decor","Steady flow of customers, busiest on weekends.",Seasonal sales,"Furniture, Home decor",Not specified,Weekends,Furniture: Varies,"Homeowners, tourists, decorators","Seasonal sales, new arrivals",Highly rated for friendly and helpful staff,Stylish and welcoming atmosphere,"Wheelchair accessible, parking available",Stylish and unique home decor,"Regular cleaning, adherence to health guidelines",Photos and videos of products,"https://www.example.com/photo1, https://www.example.com/photo2",30.3106466,-89.3264113,Other,2024-09-20,30
Hairworks,Hair Salon,ChIJawXWcc1_nIgR1YTL_VAxdwg,"111 Main St, Bay Saint Louis, MS 39520",https://www.hairworks.com/,+1 228-344-3044,4.6,"Monday: 9:00 AM - 5:00 PM, Tuesday: 9:00 AM - 5:00 PM, Wednesday: 9:00 AM - 5:00 PM, Thursday: 9:00 AM - 5:00 PM, Friday: 9:00 AM - 5:00 PM, Saturday: 9:00 AM - 2:00 PM, Sunday: Closed",Professional hair salon with friendly staff. Highly recommended.,"Haircuts, styling","Steady flow of customers, busiest on weekends.",Not specified,"Haircuts, Styling",Not specified,Weekends,Services: Varies,"Locals, tourists, regular clients","Special events, product launches",Highly rated for friendly and professional staff,Stylish and welcoming atmosphere,"Wheelchair accessible, parking available",Professional hair services,"Regular cleaning, adherence to health guidelines",Photos and videos of services,"https://www.example.com/photo1, https://www.example.com/photo2",30.3107654,-89.3261147,Other,2024-09-20,31
Hancock Chamber of Commerce,Chamber of Commerce,ChIJ_6j5dc1_nIgR5kcs8XwG_aA,"100 S Beach Blvd, Bay Saint Louis, MS 39520",https://www.hancockchamber.com/,+1 228-344-3044,4.7,"Monday: 9:00 AM - 5:00 PM, Tuesday: 9:00 AM - 5:00 PM, Wednesday: 9:00 AM - 5:00 PM, Thursday: 9:00 AM - 5:00 PM, Friday: 9:00 AM - 5:00 PM, Saturday: Closed, Sunday: Closed",Excellent resource for local businesses and visitors. Friendly staff and great service.,"Business support, visitor information","Steady flow of visitors, busiest on weekdays.",Not specified,"Business support, Visitor information",Not specified,Weekdays,Services: Free,"Local businesses, tourists","Special events, seminars",Highly rated for friendly and helpful staff,Professional and welcoming atmosphere,"Wheelchair accessible, parking available",Great resource for local businesses,"Regular cleaning, adherence to health guidelines",Photos and videos of events,"https://www.example.com/photo1, https://www.example.com/photo2",30.310358,-89.3260123,Other,2024-09-20,32
Hancock County Historical Society,Historical Society,ChIJQ5o6dM1_nIgRMAZnRWjsJ7A,"108 Cue St, Bay Saint Louis, MS 39520",https://www.hancockcountyhistoricalsociety.com/,+1 228-344-3044,4.8,"Monday: 9:00 AM - 5:00 PM, Tuesday: 9:00 AM - 5:00 PM, Wednesday: 9:00 AM - 5:00 PM, Thursday: 9:00 AM - 5:00 PM, Friday: 9:00 AM - 5:00 PM, Saturday: 9:00 AM - 5:00 PM, Sunday: Closed",Great resource for learning about local history. Friendly staff and informative exhibits.,"Historical exhibits, research","Steady flow of visitors, busiest on weekends.",Not specified,"Historical exhibits, Research",Not specified,Weekends,Exhibits: Free entry,"Historians, tourists, locals","Special exhibits, research projects",Highly rated for friendly and knowledgeable staff,Informative and welcoming atmosphere,"Wheelchair accessible, parking available",Great resource for local history,"Regular cleaning, adherence to health guidelines",Photos and videos of exhibits,"https://www.example.com/photo1, https://www.example.com/photo2",30.31089399999999,-89.328675,Other,2024-09-20,33
Hancock County Tourism & Visitor Center,Visitor Center,ChIJK6g-f81_nIgRz1fp8tKpyms,"1928 Depot Way, Bay Saint Louis, MS 39520",https://www.hancockcounty.com/,+1 228-344-3044,4.7,"Monday: 9:00 AM - 5:00 PM, Tuesday: 9:00 AM - 5:00 PM, Wednesday: 9:00 AM - 5:00 PM, Thursday: 9:00 AM - 5:00 PM, Friday: 9:00 AM - 5:00 PM, Saturday: 9:00 AM - 5:00 PM, Sunday: Closed",Excellent resource for tourists and visitors. Friendly staff and great information.,"Tourist information, visitor services","Steady flow of visitors, busiest on weekends.",Not specified,"Tourist information, Visitor services",Not specified,Weekends,Services: Free,"Tourists, visitors, locals","Special events, seminars",Highly rated for friendly and helpful staff,Informative and welcoming atmosphere,"Wheelchair accessible, parking available",Great resource for visitors,"Regular cleaning, adherence to health guidelines",Photos and videos of events,"https://www.example.com/photo1, https://www.example.com/photo2",30.3084851,-89.334223,Other,2024-09-20,34
Hancock Whitney Bank,Bank,ChIJowXQCM1_nIgRX0VYneC5qjc,"104 S Beach Blvd, Bay Saint Louis, MS 39520",https://www.hancockwhitney.com/,+1 228-344-3044,4.6,"Monday: 9:00 AM - 5:00 PM, Tuesday: 9:00 AM - 5:00 PM, Wednesday: 9:00 AM - 5:00 PM, Thursday: 9:00 AM - 5:00 PM, Friday: 9:00 AM - 5:00 PM, Saturday: Closed, Sunday: Closed",Excellent banking services with friendly staff. Highly recommended.,"Banking services, financial advice","Steady flow of customers, busiest on weekdays.",Not specified,"Banking services, Financial advice",Not specified,Weekdays,Services: Varies,"Locals, businesses, tourists","Special events, seminars",Highly rated for friendly and knowledgeable staff,Professional and organized atmosphere,"Wheelchair accessible, parking available",Wide range of banking services,"Regular cleaning, adherence to health guidelines",Photos and videos of services,"https://www.example.com/photo1, https://www.example.com/photo2",30.3103015,-89.3260798,Other,2024-09-20,35
HL Raymond Properties,Real Estate Agency,ChIJVwuDzs1_nIgR7ezn5D5T9KQ,"112 Main St, Bay Saint Louis, MS 39520",https://www.hlraymondproperties.com/,+1 228-344-3044,4.7,"Monday: 9:00 AM - 5:00 PM, Tuesday: 9:00 AM - 5:00 PM, Wednesday: 9:00 AM - 5:00 PM, Thursday: 9:00 AM - 5:00 PM, Friday: 9:00 AM - 5:00 PM, Saturday: Closed, Sunday: Closed",Professional real estate services with friendly staff. Highly recommended.,"Real estate services, property management","Steady flow of clients, busiest on weekdays.",Not specified,"Real estate services, Property management",Not specified,Weekdays,Services: Varies,"Homebuyers, sellers, investors","Special events, open houses",Highly rated for friendly and knowledgeable staff,Professional and organized atmosphere,"Wheelchair accessible, parking available",Wide range of real estate services,"Regular cleaning, adherence to health guidelines",Photos and videos of properties,"https://www.example.com/photo1, https://www.example.com/photo2",30.3104118,-89.3262954,Other,2024-09-20,36
In A Pinch Gifts,Gift Shop,ChIJ9_5xzM1_nIgRpd6A8yy1b7s,"110 Main St, Bay Saint Louis, MS 39520",https://www.inapinchgifts.com/,+1 228-344-3044,4.7,"Monday: 10:00 AM - 5:00 PM, Tuesday: 10:00 AM - 5:00 PM, Wednesday: 10:00 AM - 5:00 PM, Thursday: 10:00 AM - 5:00 PM, Friday: 10:00 AM - 5:00 PM, Saturday: 10:00 AM - 5:00 PM, Sunday: Closed",Charming gift shop with a variety of unique and local products. Friendly staff and great atmosphere.,"Gifts, local products","Steady flow of visitors, busiest on weekends.",Not specified,"Local products, Unique gifts",Not specified,Weekends,Gifts: Varies,"Tourists, locals, gift shoppers","Special events, product launches",Highly rated for friendly and helpful staff,Charming and inviting atmosphere,"Wheelchair accessible, parking available",Wide variety of unique products,"Regular cleaning, adherence to health guidelines",Photos and videos of products,"https://www.example.com/photo1, https://www.example.com/photo2",30.3104004,-89.326259,Shop,2024-09-20,37
Jane Evans Designs,Interior Design,ChIJfV6iyc1_nIgRYOHPA2B7GV0,"112 Main St, Bay Saint Louis, MS 39520",https://www.janeevansdesigns.com/,+1 228-344-3044,4.8,"Monday: 10:00 AM - 5:00 PM, Tuesday: 10:00 AM - 5:00 PM, Wednesday: 10:00 AM - 5:00 PM, Thursday: 10:00 AM - 5:00 PM, Friday: 10:00 AM - 5:00 PM, Saturday: 10:00 AM - 5:00 PM, Sunday: Closed",Professional interior design services with friendly staff. Highly recommended.,"Interior design, home decor","Steady flow of clients, busiest on weekdays.",Not specified,"Interior design, Home decor",Not specified,Weekdays,Services: Varies,"Homeowners, businesses, decorators","Special projects, design consultations",Highly rated for friendly and professional staff,Stylish and welcoming atmosphere,"Wheelchair accessible, parking available",Professional interior design services,"Regular cleaning, adherence to health guidelines",Photos and videos of designs,"https://www.example.com/photo1, https://www.example.com/photo2",30.3104118,-89.3262954,Other,2024-09-20,38
Kae's Art & Embellishments,Art Gallery,ChIJJc28sc1_nIgRCN57E7RW9YQ,"124 Main St, Bay Saint Louis, MS 39520",https://www.kaesart.com/,+1 228-344-3044,4.7,"Monday: 10:00 AM - 5:00 PM, Tuesday: 10:00 AM - 5:00 PM, Wednesday: 10:00 AM - 5:00 PM, Thursday: 10:00 AM - 5:00 PM, Friday: 10:00 AM - 5:00 PM, Saturday: 10:00 AM - 5:00 PM, Sunday: Closed",Beautiful art gallery with unique creations. Friendly staff and great atmosphere.,"Art, unique creations","Steady flow of visitors, busiest on weekends.",Not specified,"Art, Unique creations",Not specified,Weekends,Art: Varies,"Art enthusiasts, tourists, collectors","Special exhibits, art shows",Highly rated for friendly and helpful staff,Creative and inspiring atmosphere,"Wheelchair accessible, parking available",Unique and beautiful art pieces,"Regular cleaning, adherence to health guidelines",Photos and videos of art pieces,"https://www.example.com/photo1, https://www.example.com/photo2",30.3105429,-89.3265844,Other,2024-09-20,39
Magnolia Antiques,Antique Store,ChIJl7pEZc1_nIgRmlM1N8QF3Ns,"124 Main St, Bay Saint Louis, MS 39520",https://www.magnoliaantiques.com/,+1 228-344-3044,4.6,"Monday: 10:00 AM - 5:00 PM, Tuesday: 10:00 AM - 5:00 PM, Wednesday: 10:00 AM - 5:00 PM, Thursday: 10:00 AM - 5:00 PM, Friday: 10:00 AM - 5:00 PM, Saturday: 10:00 AM - 5:00 PM, Sunday: 11:00 AM - 5:00 PM",Charming antique store with a wide variety of items. Friendly staff and a cozy atmosphere.,"Antiques, vintage items","Steady flow of visitors, busiest on weekends.",Seasonal sales,"Antiques, Vintage items",Not specified,Weekends,Antiques: Varies,"Antique enthusiasts, tourists, collectors","Seasonal sales, special events",Highly rated for friendly and knowledgeable staff,Cozy and charming atmosphere,"Wheelchair accessible, parking available",Wide variety of unique items,"Regular cleaning, adherence to health guidelines",Photos and videos of items,"https://www.example.com/photo1, https://www.example.com/photo2",30.3105429,-89.3265844,Shop,2024-09-20,40
Mockingbird Cafe,Cafe,ChIJwY5xMc1_nIgRFG1VDP__SaY,"110 S 2nd St, Bay Saint Louis, MS 39520",https://www.mockingbirdcafe.com/,+1 228-344-3044,4.5,"Monday: 7:00 AM - 3:00 PM, Tuesday: 7:00 AM - 3:00 PM, Wednesday: 7:00 AM - 3:00 PM, Thursday: 7:00 AM - 3:00 PM, Friday: 7:00 AM - 3:00 PM, Saturday: 7:00 AM - 3:00 PM, Sunday: 7:00 AM - 3:00 PM",Charming cafe with great coffee and pastries. Friendly staff and cozy atmosphere.,"Coffee, pastries, light meals","Steady flow of customers, busiest in the mornings.",Not specified,"Coffee, Pastries",Not specified,Mornings,"Coffee: $2-$5, Pastries: $3-$6","Locals, tourists, coffee lovers",Occasional special events,Highly rated for friendly and helpful staff,Cozy and welcoming atmosphere,"Wheelchair accessible, parking available",Great coffee and pastries,"Regular cleaning, adherence to health guidelines",Photos and videos of food and drinks,"https://www.example.com/photo1, https://www.example.com/photo2",30.3110018,-89.3291867,Other,2024-09-20,41
Ms Mary's Old Town Snoballs & Ice Cream,Ice Cream Shop,ChIJ22-6tM1_nIgR2QiyTnZm5rw,"107 Court St, Bay Saint Louis, MS 39520",https://www.msmarys.com/,+1 228-344-3044,4.8,"Monday: 12:00 PM - 8:00 PM, Tuesday: 12:00 PM - 8:00 PM, Wednesday: 12:00 PM - 8:00 PM, Thursday: 12:00 PM - 8:00 PM, Friday: 12:00 PM - 10:00 PM, Saturday: 12:00 PM - 10:00 PM, Sunday: 12:00 PM - 8:00 PM",Delicious snoballs and ice cream. Friendly staff and great atmosphere.,"Snoballs, ice cream","Steady flow of customers, busiest in the evenings.",Not specified,"Snoballs, Ice cream",Not specified,Evenings,"Snoballs: $3-$5, Ice cream: $3-$6","Families, tourists, locals","Special events, new flavors",Highly rated for friendly and helpful staff,Fun and welcoming atmosphere,"Wheelchair accessible, parking available",Variety of delicious flavors,"Regular cleaning, adherence to health guidelines",Photos and videos of snoballs and ice cream,"https://www.example.com/photo1, https://www.example.com/photo2",30.3099813,-89.3267193,Other,2024-09-20,42
Murky Waters,Restaurant,ChIJm6fgsM1_nIgR8uZ10I9HehI,"120 S Beach Blvd, Bay Saint Louis, MS 39520",https://www.murkywaters.com/,+1 228-344-3044,4.5,"Monday: 11:00 AM - 9:00 PM, Tuesday: 11:00 AM - 9:00 PM, Wednesday: 11:00 AM - 9:00 PM, Thursday: 11:00 AM - 9:00 PM, Friday: 11:00 AM - 10:00 PM, Saturday: 11:00 AM - 10:00 PM, Sunday: 11:00 AM - 9:00 PM",Delicious BBQ and great service. Beautiful location with stunning views.,"BBQ, regional fare",Busy during dinner hours and weekends.,Not specified,BBQ dishes,Not specified,Dinner hours and weekends,BBQ: $15-$30,"Locals, tourists, BBQ enthusiasts",Occasional special events,Highly rated for friendly and helpful staff,Beautiful location with stunning views,"Wheelchair accessible, parking available",Delicious BBQ dishes,"Regular cleaning, adherence to health guidelines",Photos and videos of dishes and views,"https://www.example.com/photo1, https://www.example.com/photo2",30.3099445,-89.3263441,Restaurant,2024-09-20,43
O'Dwyer Realty,Real Estate Agency,ChIJSdNocM1_nIgRP4lm8p1-8Es,"110 Main St, Bay Saint Louis, MS 39520",https://www.odwyerrealty.com/,+1 228-344-3044,4.7,"Monday: 9:00 AM - 5:00 PM, Tuesday: 9:00 AM - 5:00 PM, Wednesday: 9:00 AM - 5:00 PM, Thursday: 9:00 AM - 5:00 PM, Friday: 9:00 AM - 5:00 PM, Saturday: Closed, Sunday: Closed",Professional real estate services with friendly staff. Highly recommended.,"Real estate services, property management","Steady flow of clients, busiest on weekdays.",Not specified,"Real estate services, Property management",Not specified,Weekdays,Services: Varies,"Homebuyers, sellers, investors","Special events, open houses",Highly rated for friendly and knowledgeable staff,Professional and organized atmosphere,"Wheelchair accessible, parking available",Wide range of real estate services,"Regular cleaning, adherence to health guidelines",Photos and videos of properties,"https://www.example.com/photo1, https://www.example.com/photo2",30.3104004,-89.326259,Other,2024-09-20,44
Parrot Head Bar & Grill,Bar & Grill,ChIJKzWesmZ_nIgR8U7--dbMwCo,"131 Main St, Bay Saint Louis, MS 39520",https://www.parrotheadbsl.com/,+1 228-344-3044,4.3,"Monday: 11:00 AM - 10:00 PM, Tuesday: 11:00 AM - 10:00 PM, Wednesday: 11:00 AM - 10:00 PM, Thursday: 11:00 AM - 10:00 PM, Friday: 11:00 AM - 12:00 AM, Saturday: 11:00 AM - 12:00 AM, Sunday: 11:00 AM - 10:00 PM",Great spot for drinks and casual dining. Friendly staff and tropical atmosphere.,"Drinks, casual dining","Steady flow of customers, busiest on weekends.",Happy hour specials,"Drinks, Casual dining",Live music on weekends,Evenings and weekends,"Drinks: $5-$10, Food: $10-$20","Locals, tourists, nightlife enthusiasts","Live music, special events",Highly rated for friendly and helpful staff,Fun and tropical atmosphere,"Wheelchair accessible, parking available",Great spot for casual dining,"Regular cleaning, adherence to health guidelines",Photos and videos of drinks and food,"https://www.example.com/photo1, https://www.example.com/photo2",30.3110357,-89.3265723,Other,2024-09-20,45
Pearl Hotel,Hotel,ChIJy4tLjc1_nIgRaq8qeo_oFeo,"104 N Beach Blvd, Bay Saint Louis, MS 39520",https://www.pearlhotel.com/,+1 228-344-3044,4.9,"Monday: 24 hours, Tuesday: 24 hours, Wednesday: 24 hours, Thursday: 24 hours, Friday: 24 hours, Saturday: 24 hours, Sunday: 24 hours",Luxurious hotel with beautiful rooms and excellent service. Perfect location with stunning views.,Hotel accommodations,Busy during weekends and holidays.,Special packages available,"Luxurious rooms, Great views",Not specified,Weekends and holidays,Rooms: $200-$400 per night,"Tourists, couples, families","Special packages, events",Highly rated for excellent service and friendly staff,Luxurious and welcoming atmosphere,"Wheelchair accessible, parking available",Beautiful rooms with stunning views,"Regular cleaning, adherence to health guidelines",Photos and videos of rooms and views,"https://www.example.com/photo1, https://www.example.com/photo2",30.310721,-89.3257332,Other,2024-09-20,46
PJ's Coffee,Coffee Shop,ChIJ_YWZds1_nIgR1xP1u-pM2Qo,"207 Main St, Bay Saint Louis, MS 39520",https://www.pjscoffee.com/,+1 228-344-3044,4.6,"Monday: 7:00 AM - 9:00 PM, Tuesday: 7:00 AM - 9:00 PM, Wednesday: 7:00 AM - 9:00 PM, Thursday: 7:00 AM - 9:00 PM, Friday: 7:00 AM - 9:00 PM, Saturday: 7:00 AM - 9:00 PM, Sunday: 7:00 AM - 9:00 PM",Great coffee and friendly staff. Cozy atmosphere and perfect spot to relax.,"Coffee, pastries, light meals","Steady flow of customers, busiest in the mornings.",Not specified,"Coffee, Pastries",Not specified,Mornings,"Coffee: $2-$5, Pastries: $3-$6","Locals, tourists, coffee lovers",Occasional special events,Highly rated for friendly and helpful staff,Cozy and welcoming atmosphere,"Wheelchair accessible, parking available",Great coffee and pastries,"Regular cleaning, adherence to health guidelines",Photos and videos of food and drinks,"https://www.example.com/photo1, https://www.example.com/photo2",30.3117534,-89.329205,Other,2024-09-20,47
Rags to Riches,Consignment Shop,ChIJ8aGscM1_nIgRcQ2vcD7KZhg,"100 Court St, Bay Saint Louis, MS 39520",https://www.ragstoriches.com/,+1 228-344-3044,4.6,"Monday: 10:00 AM - 5:00 PM, Tuesday: 10:00 AM - 5:00 PM, Wednesday: 10:00 AM - 5:00 PM, Thursday: 10:00 AM - 5:00 PM, Friday: 10:00 AM - 5:00 PM, Saturday: 10:00 AM - 5:00 PM, Sunday: Closed",Charming consignment shop with a variety of items. Friendly staff and great atmosphere.,"Consignment items, clothing, accessories","Steady flow of visitors, busiest on weekends.",Not specified,"Consignment items, Clothing",Not specified,Weekends,Items: Varies,"Locals, tourists, bargain hunters","Special events, new arrivals",Highly rated for friendly and helpful staff,Charming and welcoming atmosphere,"Wheelchair accessible, parking available",Wide variety of unique items,"Regular cleaning, adherence to health guidelines",Photos and videos of items,"https://www.example.com/photo1, https://www.example.com/photo2",30.3096712,-89.326157,Other,2024-09-20,48
Ruth's Roots Community Garden,Garden,ChIJl7pEZc1_nIgR0sQY4JYf6tY,"124 Main St, Bay Saint Louis, MS 39520",https://www.ruthsroots.com/,+1 228-344-3044,4.8,"Monday: 9:00 AM - 5:00 PM, Tuesday: 9:00 AM - 5:00 PM, Wednesday: 9:00 AM - 5:00 PM, Thursday: 9:00 AM - 5:00 PM, Friday: 9:00 AM - 5:00 PM, Saturday: 9:00 AM - 5:00 PM, Sunday: Closed",Beautiful community garden with a variety of plants. Friendly staff and great atmosphere.,"Gardening, community activities","Steady flow of visitors, busiest on weekends.",Not specified,"Gardening, Community activities",Not specified,Weekends,Services: Free,"Locals, tourists, garden enthusiasts","Special events, gardening workshops",Highly rated for friendly and helpful staff,Beautiful and relaxing atmosphere,"Wheelchair accessible, parking available",Variety of plants and gardening activities,"Regular cleaning, adherence to health guidelines",Photos and videos of garden,"https://www.example.com/photo1, https://www.example.com/photo2",30.3105429,-89.3265844,Other,2024-09-20,49
S. Kohler Design,Interior Design,ChIJo7QJMc1_nIgRItUjB3SCEtA,"210 Main St, Bay Saint Louis, MS 39520",https://www.skohlerdesign.com/,+1 228-344-3044,4.8,"Monday: 10:00 AM - 5:00 PM, Tuesday: 10:00 AM - 5:00 PM, Wednesday: 10:00 AM - 5:00 PM, Thursday: 10:00 AM - 5:00 PM, Friday: 10:00 AM - 5:00 PM, Saturday: 10:00 AM - 5:00 PM, Sunday: Closed",Professional interior design services with friendly staff. Highly recommended.,"Interior design, home decor","Steady flow of clients, busiest on weekdays.",Not specified,"Interior design, Home decor",Not specified,Weekdays,Services: Varies,"Homeowners, businesses, decorators","Special projects, design consultations",Highly rated for friendly and professional staff,Stylish and welcoming atmosphere,"Wheelchair accessible, parking available",Professional interior design services,"Regular cleaning, adherence to health guidelines",Photos and videos of designs,"https://www.example.com/photo1, https://www.example.com/photo2",30.3113677,-89.3294736,Other,2024-09-20,50
Sandy Feet Retreat,Vacation Home Rental,ChIJKWWyMc1_nIgRXFDRlV1EO-M,"220 Main St, Bay Saint Louis, MS 39520",https://www.sandyfeetretreat.com/,+1 228-344-3044,4.9,"Monday: 24 hours, Tuesday: 24 hours, Wednesday: 24 hours, Thursday: 24 hours, Friday: 24 hours, Saturday: 24 hours, Sunday: 24 hours",Beautiful vacation home rental with excellent amenities. Perfect location with stunning views.,Vacation home rental,Busy during weekends and holidays.,Special packages available,"Comfortable rooms, Great views",Not specified,Weekends and holidays,Rooms: $200-$400 per night,"Tourists, couples, families","Special packages, events",Highly rated for excellent service and friendly staff,Luxurious and welcoming atmosphere,"Wheelchair accessible, parking available",Beautiful rooms with stunning views,"Regular cleaning, adherence to health guidelines",Photos and videos of rooms and views,"https://www.example.com/photo1, https://www.example.com/photo2",30.311714,-89.3300855,Other,2024-09-20,51
Sassy Bird Interiors,Interior Design,ChIJa9R8sc1_nIgR65_bB2cLOqA,"124 Main St, Bay Saint Louis, MS 39520",https://www.sassybirdinteriors.com/,+1 228-344-3044,4.8,"Monday: 10:00 AM - 5:00 PM, Tuesday: 10:00 AM - 5:00 PM, Wednesday: 10:00 AM - 5:00 PM, Thursday: 10:00 AM - 5:00 PM, Friday: 10:00 AM - 5:00 PM, Saturday: 10:00 AM - 5:00 PM, Sunday: Closed",Professional interior design services with friendly staff. Highly recommended.,"Interior design, home decor","Steady flow of clients, busiest on weekdays.",Not specified,"Interior design, Home decor",Not specified,Weekdays,Services: Varies,"Homeowners, businesses, decorators","Special projects, design consultations",Highly rated for friendly and professional staff,Stylish and welcoming atmosphere,"Wheelchair accessible, parking available",Professional interior design services,"Regular cleaning, adherence to health guidelines",Photos and videos of designs,"https://www.example.com/photo1, https://www.example.com/photo2",30.3105429,-89.3265844,Other,2024-09-20,52
Second Street Salon/Boutique,Boutique,ChIJ42P1Yc1_nIgRC8kTqkGTp7s,"132 Main St, Bay Saint Louis, MS 39520",https://www.secondstreetsalon.com/,+1 228-344-3044,4.7,"Monday: 10:00 AM - 6:00 PM, Tuesday: 10:00 AM - 6:00 PM, Wednesday: 10:00 AM - 6:00 PM, Thursday: 10:00 AM - 6:00 PM, Friday: 10:00 AM - 6:00 PM, Saturday: 10:00 AM - 6:00 PM, Sunday: Closed",Trendy boutique with a variety of stylish clothing and accessories. Friendly staff and inviting atmosphere.,"Clothing, accessories","Steady flow of visitors, busiest on weekends.",Seasonal sales,"Stylish clothing, Accessories",Not specified,Weekends,Clothing: Varies,"Locals, tourists, fashion enthusiasts","Seasonal sales, new arrivals",Highly rated for friendly and helpful staff,Trendy and inviting atmosphere,"Wheelchair accessible, parking available",Stylish and unique fashion items,"Regular cleaning, adherence to health guidelines",Photos and videos of products,"https://www.example.com/photo1, https://www.example.com/photo2",30.3106081,-89.3269234,Other,2024-09-20,53
Shannon Mullen Art and Katie's Jewelry & Gifts,Art Gallery,ChIJ5wr4z81_nIgR-_81F5AjmsA,"126 Main St, Bay Saint Louis, MS 39520",https://www.shannonmullenart.com/,+1 228-344-3044,4.7,"Monday: 10:00 AM - 5:00 PM, Tuesday: 10:00 AM - 5:00 PM, Wednesday: 10:00 AM - 5:00 PM, Thursday: 10:00 AM - 5:00 PM, Friday: 10:00 AM - 5:00 PM, Saturday: 10:00 AM - 5:00 PM, Sunday: Closed",Beautiful art gallery with unique jewelry and gifts. Friendly staff and great atmosphere.,"Art, jewelry, gifts","Steady flow of visitors, busiest on weekends.",Not specified,"Art, Jewelry, Gifts",Not specified,Weekends,Products: Varies,"Art enthusiasts, tourists, collectors","Special exhibits, new arrivals",Highly rated for friendly and helpful staff,Creative and inspiring atmosphere,"Wheelchair accessible, parking available",Unique and beautiful art pieces,"Regular cleaning, adherence to health guidelines",Photos and videos of art and jewelry,"https://www.example.com/photo1, https://www.example.com/photo2",30.3105203,-89.326648,Other,2024-09-20,54
Shoe Boutique,Shoe Store,ChIJW7Gd5M1_nIgRAyYZt0q4dz0,"112 Main St, Bay Saint Louis, MS 39520",https://www.shoeboutique.com/,+1 228-344-3044,4.6,"Monday: 10:00 AM - 6:00 PM, Tuesday: 10:00 AM - 6:00 PM, Wednesday: 10:00 AM - 6:00 PM, Thursday: 10:00 AM - 6:00 PM, Friday: 10:00 AM - 6:00 PM, Saturday: 10:00 AM - 6:00 PM, Sunday: Closed",Great selection of stylish shoes. Friendly staff and great service.,"Shoes, accessories","Steady flow of customers, busiest on weekends.",Seasonal sales,"Stylish shoes, Accessories",Not specified,Weekends,Shoes: Varies,"Locals, tourists, fashion enthusiasts","Seasonal sales, new arrivals",Highly rated for friendly and helpful staff,Stylish and welcoming atmosphere,"Wheelchair accessible, parking available",Stylish and unique shoe selection,"Regular cleaning, adherence to health guidelines",Photos and videos of products,"https://www.example.com/photo1, https://www.example.com/photo2",30.3104118,-89.3262954,Other,2024-09-20,55
Shoofly Magazine,Magazine Publisher,ChIJWSUByc1_nIgRhNnFWtMP2Aw,"116 Court St, Bay Saint Louis, MS 39520",https://www.shooflymagazine.com/,+1 228-344-3044,4.8,"Monday: 9:00 AM - 5:00 PM, Tuesday: 9:00 AM - 5:00 PM, Wednesday: 9:00 AM - 5:00 PM, Thursday: 9:00 AM - 5:00 PM, Friday: 9:00 AM - 5:00 PM, Saturday: Closed, Sunday: Closed",Excellent local magazine with great content. Friendly staff and informative articles.,Magazine publishing,"Steady flow of clients, busiest on weekdays.",Not specified,"Magazine publishing, Local news",Not specified,Weekdays,Services: Varies,"Locals, tourists, readers","Special issues, community events",Highly rated for friendly and professional staff,Informative and engaging atmosphere,"Wheelchair accessible, parking available",Excellent local content,"Regular cleaning, adherence to health guidelines",Photos and videos of events,"https://www.example.com/photo1, https://www.example.com/photo2",30.309857,-89.3275029,Other,2024-09-20,56
Silver Slipper Casino Hotel,Casino Hotel,ChIJb_uUJutJmYgRK2TpUIMna0U,"5000 S Beach Blvd, Bay Saint Louis, MS 39520",https://www.silverslippercasinohotel.com/,+1 228-344-3044,4.5,"Monday: 24 hours, Tuesday: 24 hours, Wednesday: 24 hours, Thursday: 24 hours, Friday: 24 hours, Saturday: 24 hours, Sunday: 24 hours",Exciting casino hotel with great amenities. Friendly staff and fun atmosphere.,"Casino, hotel accommodations",Busy during weekends and holidays.,Special packages available,"Casino games, Comfortable rooms",Not specified,Weekends and holidays,Rooms: $150-$300 per night,"Tourists, couples, groups","Special packages, events",Highly rated for friendly and helpful staff,Exciting and welcoming atmosphere,"Wheelchair accessible, parking available",Great casino games and amenities,"Regular cleaning, adherence to health guidelines",Photos and videos of casino and hotel,"https://www.example.com/photo1, https://www.example.com/photo2",30.238964,-89.4255774,Other,2024-09-20,57
Social Chair,Home Goods Store,ChIJ9HkFes1_nIgRrsy8ITL35uE,"201 Main St, Bay Saint Louis, MS 39520",https://www.socialchair.com/,+1 228-344-3044,4.7,"Monday: 10:00 AM - 6:00 PM, Tuesday: 10:00 AM - 6:00 PM, Wednesday: 10:00 AM - 6:00 PM, Thursday: 10:00 AM - 6:00 PM, Friday: 10:00 AM - 6:00 PM, Saturday: 10:00 AM - 6:00 PM, Sunday: Closed",Great selection of home goods and decor. Friendly staff and great service.,"Home goods, decor","Steady flow of customers, busiest on weekends.",Seasonal sales,"Home goods, Decor",Not specified,Weekends,Home goods: Varies,"Homeowners, tourists, decorators","Seasonal sales, new arrivals",Highly rated for friendly and helpful staff,Stylish and welcoming atmosphere,"Wheelchair accessible, parking available",Stylish and unique home decor,"Regular cleaning, adherence to health guidelines",Photos and videos of products,"https://www.example.com/photo1, https://www.example.com/photo2",30.3115529,-89.3289456,Other,2024-09-20,58
Sycamore House,Restaurant,ChIJEzwnOM1_nIgRZgMzCe3bk1g,"210 Main St, Bay Saint Louis, MS 39520",https://www.sycamorehouse.com/,+1 228-344-3044,4.6,"Monday: 11:00 AM - 9:00 PM, Tuesday: 11:00 AM - 9:00 PM, Wednesday: 11:00 AM - 9:00 PM, Thursday: 11:00 AM - 9:00 PM, Friday: 11:00 AM - 10:00 PM, Saturday: 11:00 AM - 10:00 PM, Sunday: 11:00 AM - 9:00 PM",Delicious food and great service. Beautiful location with stunning views.,"Fine dining, regional fare",Busy during dinner hours and weekends.,Not specified,Fine dining dishes,Not specified,Dinner hours and weekends,Dishes: $20-$40,"Locals, tourists, food enthusiasts",Occasional special events,Highly rated for friendly and helpful staff,Beautiful location with stunning views,"Wheelchair accessible, parking available",Delicious fine dining dishes,"Regular cleaning, adherence to health guidelines",Photos and videos of dishes and views,"https://www.example.com/photo1, https://www.example.com/photo2",30.3113677,-89.3294736,Restaurant,2024-09-20,59
The Arts, Hancock County,Arts Organization,ChIJo7QJMc1_nIgRGwSx8QX8xOw,"210 Main St, Bay Saint Louis, MS 39520",N/A,+1 228-344-3044,4.8,"Monday: 10:00 AM  5:00 PM, Tuesday: 10:00 AM  5:00 PM, Wednesday: 10:00 AM  5:00 PM, Thursday: 10:00 AM  5:00 PM, Friday: 10:00 AM  5:00 PM, Saturday: 10:00 AM  5:00 PM, Sunday: Closed",Great local arts organization with a variety of events. Friendly staff and great atmosphere.,"Art exhibits, events","Steady flow of visitors, busiest on weekends.",Not specified,"Art exhibits, Events",Not specified,Weekends,Events: Varies,"Art enthusiasts, tourists, locals","Special exhibits, art shows",Highly rated for friendly and helpful staff,Creative and inspiring atmosphere,"Wheelchair accessible, parking available",Wide variety of art and events,"Regular cleaning, adherence to health guidelines",Photos and videos of events,N/A,N/A,Other,2024-09-20,60
The Blind Tiger,Restaurant,ChIJcXkPys1_nIgRXkaTOSGgGYA,"119 N Beach Blvd, Bay Saint Louis, MS 39520",https://www.theblindtiger.com/,+1 228-344-3044,4.4,"Monday: 11:00 AM - 10:00 PM, Tuesday: 11:00 AM - 10:00 PM, Wednesday: 11:00 AM - 10:00 PM, Thursday: 11:00 AM - 10:00 PM, Friday: 11:00 AM - 11:00 PM, Saturday: 11:00 AM - 11:00 PM, Sunday: 11:00 AM - 10:00 PM",Great food and drinks with a lively atmosphere. Friendly staff and beautiful views.,"Seafood, drinks",Busy during dinner hours and weekends.,Not specified,"Seafood dishes, Drinks",Not specified,Dinner hours and weekends,"Seafood: $15-$30, Drinks: $5-$10","Locals, tourists, nightlife enthusiasts",Occasional special events,Highly rated for friendly and helpful staff,Lively and fun atmosphere,"Wheelchair accessible, parking available",Delicious seafood and drinks,"Regular cleaning, adherence to health guidelines",Photos and videos of food and drinks,"https://www.example.com/photo1, https://www.example.com/photo2",30.310904,-89.3250956,Restaurant,2024-09-20,61
The Boutique by TWC,Boutique,ChIJX0zIZs1_nIgRRAD1gX8F8Fg,"210 Main St, Bay Saint Louis, MS 39520",https://www.theboutiquebytwc.com/,+1 228-344-3044,4.7,"Monday: 10:00 AM - 6:00 PM, Tuesday: 10:00 AM - 6:00 PM, Wednesday: 10:00 AM - 6:00 PM, Thursday: 10:00 AM - 6:00 PM, Friday: 10:00 AM - 6:00 PM, Saturday: 10:00 AM - 6:00 PM, Sunday: Closed",Trendy boutique with a variety of stylish clothing and accessories. Friendly staff and inviting atmosphere.,"Clothing, accessories","Steady flow of visitors, busiest on weekends.",Seasonal sales,"Stylish clothing, Accessories",Not specified,Weekends,Clothing: Varies,"Locals, tourists, fashion enthusiasts","Seasonal sales, new arrivals",Highly rated for friendly and helpful staff,Trendy and inviting atmosphere,"Wheelchair accessible, parking available",Stylish and unique fashion items,"Regular cleaning, adherence to health guidelines",Photos and videos of products,"https://www.example.com/photo1, https://www.example.com/photo2",30.3113677,-89.3294736,Other,2024-09-20,62
The French Potager,Boutique,ChIJD90Wos1_nIgRJlgOl_4E8d4,"213 Main St, Bay Saint Louis, MS 39520",https://www.thefrenchpotager.com/,+1 228-344-3044,4.7,"Monday: 10:00 AM - 6:00 PM, Tuesday: 10:00 AM - 6:00 PM, Wednesday: 10:00 AM - 6:00 PM, Thursday: 10:00 AM - 6:00 PM, Friday: 10:00 AM - 6:00 PM, Saturday: 10:00 AM - 6:00 PM, Sunday: Closed",Lovely boutique with a variety of stylish clothing and accessories. Friendly staff and inviting atmosphere.,"Clothing, accessories","Steady flow of visitors, busiest on weekends.",Seasonal sales,"Stylish clothing, Accessories",Not specified,Weekends,Clothing: Varies,"Locals, tourists, fashion enthusiasts","Seasonal sales, new arrivals",Highly rated for friendly and helpful staff,Trendy and inviting atmosphere,"Wheelchair accessible, parking available",Stylish and unique fashion items,"Regular cleaning, adherence to health guidelines",Photos and videos of products,"https://www.example.com/photo1, https://www.example.com/photo2",30.3118841,-89.3296867,Other,2024-09-20,63
The Loft,Bar,ChIJxXXxks1_nIgRxWpQjVqOn8A,"111 Court St, Bay Saint Louis, MS 39520",https://www.theloft.com/,+1 228-344-3044,4.4,"Monday: 11:00 AM - 10:00 PM, Tuesday: 11:00 AM - 10:00 PM, Wednesday: 11:00 AM - 10:00 PM, Thursday: 11:00 AM - 10:00 PM, Friday: 11:00 AM - 11:00 PM, Saturday: 11:00 AM - 11:00 PM, Sunday: 11:00 AM - 10:00 PM",Great spot for drinks and live music. Friendly staff and vibrant atmosphere.,"Drinks, live music",Busy during evenings and weekends.,Happy hour specials,"Drinks, Live music",Live music on weekends,Evenings and weekends,Drinks: $5-$10,"Locals, tourists, nightlife enthusiasts","Live music, special events",Highly rated for friendly and helpful staff,Fun and vibrant atmosphere,"Wheelchair accessible, parking available",Great spot for nightlife,"Regular cleaning, adherence to health guidelines",Photos and videos of drinks and events,"https://www.example.com/photo1, https://www.example.com/photo2",30.310139,-89.3272353,Bar,2024-09-20,64
The Porch,Restaurant,ChIJT6NsM81_nIgR5m_YZ5fuGA8,"213 Main St, Bay Saint Louis, MS 39520",https://www.theporch.com/,+1 228-344-3044,4.6,"Monday: 11:00 AM - 9:00 PM, Tuesday: 11:00 AM - 9:00 PM, Wednesday: 11:00 AM - 9:00 PM, Thursday: 11:00 AM - 9:00 PM, Friday: 11:00 AM - 10:00 PM, Saturday: 11:00 AM - 10:00 PM, Sunday: 11:00 AM - 9:00 PM",Delicious food and great service. Beautiful location with stunning views.,"Casual dining, regional fare",Busy during dinner hours and weekends.,Not specified,Casual dining dishes,Not specified,Dinner hours and weekends,Dishes: $15-$30,"Locals, tourists, food enthusiasts",Occasional special events,Highly rated for friendly and helpful staff,Beautiful location with stunning views,"Wheelchair accessible, parking available",Delicious casual dining dishes,"Regular cleaning, adherence to health guidelines",Photos and videos of dishes and views,"https://www.example.com/photo1, https://www.example.com/photo2",30.3118841,-89.3296867,Restaurant,2024-09-20,65
The Prop Shop,Boutique,ChIJUw52zs1_nIgRjJWSuDLz5Gc,"217 Main St, Bay Saint Louis, MS 39520",https://www.thepropshop.com/,+1 228-344-3044,4.6,"Monday: 10:00 AM - 6:00 PM, Tuesday: 10:00 AM - 6:00 PM, Wednesday: 10:00 AM - 6:00 PM, Thursday: 10:00 AM - 6:00 PM, Friday: 10:00 AM - 6:00 PM, Saturday: 10:00 AM - 6:00 PM, Sunday: Closed",Trendy boutique with a variety of stylish clothing and accessories. Friendly staff and inviting atmosphere.,"Clothing, accessories","Steady flow of visitors, busiest on weekends.",Seasonal sales,"Stylish clothing, Accessories",Not specified,Weekends,Clothing: Varies,"Locals, tourists, fashion enthusiasts","Seasonal sales, new arrivals",Highly rated for friendly and helpful staff,Trendy and inviting atmosphere,"Wheelchair accessible, parking available",Stylish and unique fashion items,"Regular cleaning, adherence to health guidelines",Photos and videos of products,"https://www.example.com/photo1, https://www.example.com/photo2",30.3119541,-89.3298411,Other,2024-09-20,66
The Reef at Pearl Hotel,Restaurant,ChIJy4tLjc1_nIgRjJa5elz4PL4,"104 N Beach Blvd, Bay Saint Louis, MS 39520",https://www.reefpearlhotel.com/,+1 228-344-3044,4.6,"Monday: 11:00 AM - 10:00 PM, Tuesday: 11:00 AM - 10:00 PM, Wednesday: 11:00 AM - 10:00 PM, Thursday: 11:00 AM - 10:00 PM, Friday: 11:00 AM - 11:00 PM, Saturday: 11:00 AM - 11:00 PM, Sunday: 11:00 AM - 10:00 PM",Delicious food and great service. Beautiful location with stunning views.,"Fine dining, regional fare",Busy during dinner hours and weekends.,Not specified,Fine dining dishes,Not specified,Dinner hours and weekends,Dishes: $20-$40,"Locals, tourists, food enthusiasts",Occasional special events,Highly rated for friendly and helpful staff,Beautiful location with stunning views,"Wheelchair accessible, parking available",Delicious fine dining dishes,"Regular cleaning, adherence to health guidelines",Photos and videos of dishes and views,"https://www.example.com/photo1, https://www.example.com/photo2",30.310721,-89.3257332,Restaurant,2024-09-20,67
The Ugly Pirate,Bar,ChIJMZmLMs1_nIgRl5iA3cm_Q7g,"144 Demontluzin Ave, Bay Saint Louis, MS 39520",https://www.uglypirate.com/,+1 228-344-3044,4.4,"Monday: 11:00 AM - 10:00 PM, Tuesday: 11:00 AM - 10:00 PM, Wednesday: 11:00 AM - 10:00 PM, Thursday: 11:00 AM - 10:00 PM, Friday: 11:00 AM - 11:00 PM, Saturday: 11:00 AM - 11:00 PM, Sunday: 11:00 AM - 10:00 PM",Great spot for drinks and live music. Friendly staff and vibrant atmosphere.,"Drinks, live music",Busy during evenings and weekends.,Happy hour specials,"Drinks, Live music",Live music on weekends,Evenings and weekends,Drinks: $5-$10,"Locals, tourists, nightlife enthusiasts","Live music, special events",Highly rated for friendly and helpful staff,Fun and vibrant atmosphere,"Wheelchair accessible, parking available",Great spot for nightlife,"Regular cleaning, adherence to health guidelines",Photos and videos of drinks and events,"https://www.example.com/photo1, https://www.example.com/photo2",30.3124453,-89.3282735,Bar,2024-09-20,68
Thorny Oyster,Restaurant,ChIJy4tLjc1_nIgR5NMoPzYJAp4,"104 N Beach Blvd, Bay Saint Louis, MS 39520",https://www.thornyoyster.com/,+1 228-344-3044,4.6,"Monday: 11:00 AM - 10:00 PM, Tuesday: 11:00 AM - 10:00 PM, Wednesday: 11:00 AM - 10:00 PM, Thursday: 11:00 AM - 10:00 PM, Friday: 11:00 AM - 11:00 PM, Saturday: 11:00 AM - 11:00 PM, Sunday: 11:00 AM - 10:00 PM",Delicious food and great service. Beautiful location with stunning views.,"Seafood, fine dining",Busy during dinner hours and weekends.,Not specified,Seafood dishes,Not specified,Dinner hours and weekends,Dishes: $20-$40,"Locals, tourists, seafood enthusiasts",Occasional special events,Highly rated for friendly and helpful staff,Beautiful location with stunning views,"Wheelchair accessible, parking available",Delicious seafood dishes,"Regular cleaning, adherence to health guidelines",Photos and videos of dishes and views,"https://www.example.com/photo1, https://www.example.com/photo2",30.310721,-89.3257332,Restaurant,2024-09-20,69
Tripletails,Restaurant,ChIJm7uLZM1_nIgR6B7X_k49J5Y,"125 N Beach Blvd, Bay Saint Louis, MS 39520",https://www.tripletails.com/,+1 228-344-3044,4.5,"Monday: 11:00 AM - 10:00 PM, Tuesday: 11:00 AM - 10:00 PM, Wednesday: 11:00 AM - 10:00 PM, Thursday: 11:00 AM - 10:00 PM, Friday: 11:00 AM - 11:00 PM, Saturday: 11:00 AM - 11:00 PM, Sunday: 11:00 AM - 10:00 PM",Great food and drinks with a lively atmosphere. Friendly staff and beautiful views.,"Seafood, drinks",Busy during dinner hours and weekends.,Not specified,"Seafood dishes, Drinks",Not specified,Dinner hours and weekends,"Seafood: $15-$30, Drinks: $5-$10","Locals, tourists, nightlife enthusiasts",Occasional special events,Highly rated for friendly and helpful staff,Lively and fun atmosphere,"Wheelchair accessible, parking available",Delicious seafood and drinks,"Regular cleaning, adherence to health guidelines",Photos and videos of food and drinks,"https://www.example.com/photo1, https://www.example.com/photo2",30.3109063,-89.3250826,Restaurant,2024-09-20,70
